<?xml version="1.0" encoding="UTF-8"?>
<!DOCTYPE mapper PUBLIC "-//mybatis.org//DTD Mapper 3.0//EN" "http://mybatis.org/dtd/mybatis-3-mapper.dtd">
<mapper namespace="cn.kmbeast.mapper.ScenicStrategyMapper">

    <insert id="save">
        INSERT INTO scenic_strategy (user_id, scenic_id, cover, title, content, is_audit, create_time)
        VALUES (#{userId}, #{scenicId}, #{cover}, #{title}, #{content}, #{isAudit}, #{createTime})
    </insert>

    <update id="update">
        UPDATE scenic_strategy
        <set>
            <if test="scenicId != null">
                scenic_id = #{scenicId},
            </if>
            <if test="cover != null and cover != ''">
                cover = #{cover},
            </if>
            <if test="title != null and title != ''">
                title = #{title},
            </if>
            <if test="content != null and content != ''">
                content = #{content},
            </if>
            <if test="isAudit != null">
                is_audit = #{isAudit},
            </if>
        </set>
        WHERE id = #{id}
    </update>

    <delete id="batchDelete" parameterType="list">
        DELETE FROM scenic_strategy WHERE id IN
        <foreach collection="ids" item="id" open="(" separator="," close=")">
            #{id}
        </foreach>
    </delete>

    <select id="query" resultMap="BaseResultMap">
        SELECT ss.*,u.user_name,u.user_avatar,s.name AS scenic_name
        FROM scenic_strategy ss
        LEFT JOIN scenic s ON ss.scenic_id = s.id
        LEFT JOIN user u ON ss.user_id = u.id
        <where>
            <if test="id != null">
                AND ss.id = #{id}
            </if>
            <if test="userId != null">
                AND ss.user_id = #{userId}
            </if>
            <if test="scenicId != null">
                AND ss.scenic_id = #{scenicId}
            </if>
            <if test="title != null and title != ''">
                AND ss.title LIKE concat('%',#{title},'%')
            </if>
            <if test="isAudit != null">
                AND ss.is_audit = #{isAudit}
            </if>
            <if test="startTime != null and endTime != null">
                AND ss.create_time BETWEEN #{startTime} AND #{endTime}
            </if>
        </where>
        ORDER BY ss.id DESC
        <if test="current != null and size != null">
            LIMIT #{current},#{size}
        </if>
    </select>

    <!--满足分页条件的数据总项-->
    <select id="queryCount" resultType="integer">

        SELECT COUNT(*)
        FROM scenic_strategy ss
        <where>
            <if test="id != null">
                AND ss.id = #{id}
            </if>
            <if test="userId != null">
                AND ss.user_id = #{userId}
            </if>
            <if test="scenicId != null">
                AND ss.scenic_id = #{scenicId}
            </if>
            <if test="title != null and title != ''">
                AND ss.title LIKE concat('%',#{title},'%')
            </if>
            <if test="isAudit != null">
                AND ss.is_audit = #{isAudit}
            </if>
            <if test="startTime != null and endTime != null">
                AND ss.create_time BETWEEN #{startTime} AND #{endTime}
            </if>
        </where>

    </select>

    <!-- 通用查询映射结果 -->
    <resultMap id="BaseResultMap" type="cn.kmbeast.pojo.vo.ScenicStrategyVO">
        <id column="id" property="id"/>
        <result column="user_id" property="userId"/>
        <result column="user_name" property="userName"/>
        <result column="user_avatar" property="userAvatar"/>
        <result column="scenic_id" property="scenicId"/>
        <result column="scenic_name" property="scenicName"/>
        <result column="title" property="title"/>
        <result column="cover" property="cover"/>
        <result column="content" property="content"/>
        <result column="is_audit" property="isAudit"/>
        <result column="create_time" property="createTime"/>
    </resultMap>


</mapper>
