<?xml version="1.0" encoding="UTF-8"?>
<!DOCTYPE mapper PUBLIC "-//mybatis.org//DTD Mapper 3.0//EN" "http://mybatis.org/dtd/mybatis-3-mapper.dtd">
<mapper namespace="cn.kmbeast.mapper.ScenicMapper">

    <insert id="save">
        INSERT INTO scenic (name, category_id, cover, detail,vendor_id, save_ids, view_ids, address, status,
                            create_time)
        VALUES (#{name}, #{categoryId}, #{cover}, #{detail},#{vendorId}, #{saveIds}, #{viewIds}, #{address},
                #{status}, #{createTime})
    </insert>

    <update id="updateSaveIds">
        UPDATE scenic SET save_ids = #{saveIds} WHERE id =#{id}
    </update>

    <update id="update">
        UPDATE scenic
        <set>
            <if test="name != null and name != ''">
                name = #{name},
            </if>
            <if test="categoryId != null">
                category_id = #{categoryId},
            </if>
            <if test="cover != null and cover != ''">
                cover = #{cover},
            </if>
            <if test="detail != null and detail != ''">
                detail = #{detail},
            </if>
            <if test="vendorId != null">
                vendor_id = #{vendorId},
            </if>
            <if test="saveIds != null and saveIds != ''">
                save_ids = #{saveIds},
            </if>
            <if test="viewIds != null and viewIds != ''">
                view_ids = #{viewIds},
            </if>
            <if test="address != null and address != ''">
                address = #{address},
            </if>
            <if test="status != null">
                status = #{status},
            </if>
        </set>
        WHERE id = #{id}
    </update>

    <delete id="batchDelete" parameterType="list">
        DELETE FROM scenic WHERE id IN
        <foreach collection="ids" item="id" open="(" separator="," close=")">
            #{id}
        </foreach>
    </delete>

    <select id="query" resultMap="BaseResultMap">
        SELECT s.*,
               sc.name AS category_name,
               v.name AS vendor_name,
               (SELECT AVG(sr.score) FROM scenic_rating sr WHERE sr.scenic_id = s.id) AS rating_score
        FROM scenic s
        LEFT JOIN scenic_category sc ON sc.id = s.category_id
        LEFT JOIN vendor v ON v.id = s.vendor_id
        <where>
            <if test="id != null">
                AND s.id = #{id}
            </if>
            <if test="vendorId != null">
                AND s.vendor_id = #{vendorId}
            </if>
            <if test="name != null and name != ''">
                AND s.name LIKE concat('%',#{name},'%')
            </if>
            <if test="saveIds != null and saveIds != ''">
                AND s.save_ids LIKE concat('%',#{saveIds},'%')
            </if>
            <if test="status != null">
                AND s.status = #{status}
            </if>
            <if test="categoryId != null">
                AND s.category_id = #{categoryId}
            </if>
            <if test="startTime != null and endTime != null">
                AND s.create_time BETWEEN #{startTime} AND #{endTime}
            </if>
        </where>
        ORDER BY s.id DESC
        <if test="current != null and size != null">
            LIMIT #{current},#{size}
        </if>
    </select>

    <!--满足分页条件的数据总项-->
    <select id="queryCount" resultType="integer">

        SELECT COUNT(*)
        FROM scenic s
        <where>
            <if test="id != null">
                AND s.id = #{id}
            </if>
            <if test="vendorId != null">
                AND s.vendor_id = #{vendorId}
            </if>
            <if test="name != null and name != ''">
                AND s.name LIKE concat('%',#{name},'%')
            </if>
            <if test="status != null">
                AND s.status = #{status}
            </if>
            <if test="categoryId != null">
                AND s.category_id = #{categoryId}
            </if>
            <if test="startTime != null and endTime != null">
                AND s.create_time BETWEEN #{startTime} AND #{endTime}
            </if>
        </where>

    </select>

    <!-- 通用查询映射结果 -->
    <resultMap id="BaseResultMap" type="cn.kmbeast.pojo.vo.ScenicVO">
        <id column="id" property="id"/>
        <result column="name" property="name"/>
        <result column="category_id" property="categoryId"/>
        <result column="category_name" property="categoryName"/>
        <result column="cover" property="cover"/>
        <result column="detail" property="detail"/>
        <result column="vendor_id" property="vendorId"/>
        <result column="vendor_name" property="vendorName"/>
        <result column="save_ids" property="saveIds"/>
        <result column="view_ids" property="viewIds"/>
        <result column="rating_score" property="ratingScore"/>
        <result column="address" property="address"/>
        <result column="status" property="status"/>
        <result column="create_time" property="createTime"/>
    </resultMap>


</mapper>
