<?xml version="1.0" encoding="UTF-8"?>
<!DOCTYPE mapper PUBLIC "-//mybatis.org//DTD Mapper 3.0//EN" "http://mybatis.org/dtd/mybatis-3-mapper.dtd">
<mapper namespace="cn.kmbeast.mapper.ScenicCategoryMapper">

    <insert id="save">
        INSERT INTO scenic_category (name)
        VALUES (#{name})
    </insert>

    <update id="update">
        UPDATE scenic_category
        <set>
            <if test="name != null and name != ''">
                name = #{name},
            </if>
        </set>
        WHERE id = #{id}
    </update>

    <delete id="batchDelete" parameterType="list">
        DELETE FROM scenic_category WHERE id IN
        <foreach collection="ids" item="id" open="(" separator="," close=")">
            #{id}
        </foreach>
    </delete>

    <select id="query" resultMap="BaseResultMap">
        SELECT sc.*
        FROM scenic_category sc
        <where>
            <if test="id != null">
                AND sc.id = #{id}
            </if>
            <if test="name != null and name != ''">
                AND sc.name LIKE concat('%',#{name},'%')
            </if>
        </where>
        ORDER BY sc.id DESC
        <if test="current != null and size != null">
            LIMIT #{current},#{size}
        </if>
    </select>

    <!--满足分页条件的数据总项-->
    <select id="queryCount" resultType="integer">

        SELECT COUNT(*)
        FROM scenic_category sc
        <where>
            <if test="id != null">
                AND sc.id = #{id}
            </if>
            <if test="name != null and name != ''">
                AND sc.name LIKE concat('%',#{name},'%')
            </if>
        </where>

    </select>

    <!-- 通用查询映射结果 -->
    <resultMap id="BaseResultMap" type="cn.kmbeast.pojo.entity.ScenicCategory">
        <id column="id" property="id"/>
        <result column="name" property="name"/>
    </resultMap>


</mapper>
